INSERT INTO company (company_id, name) VALUES (1, 'google');
INSERT INTO company (company_id, name) VALUES (2, 'Yandex');
INSERT INTO company (company_id, name) VALUES (3, '2GIS');
INSERT INTO company (company_id, name) VALUES (4, 'Bethesda');
INSERT INTO company (company_id, name) VALUES (5, 'Blizzard');
INSERT INTO company (company_id, name) VALUES (6, 'Steelseries');
INSERT INTO company (company_id, name) VALUES (7, 'Apple');
INSERT INTO company (company_id, name) VALUES (8, 'Microsoft');
INSERT INTO company (company_id, name) VALUES (9, 'Wallmart');
INSERT INTO company (company_id, name) VALUES (10, 'Amazon');

INSERT INTO department(department_id, faculty, university) VALUES (1, 'DataScience', 'Princeton University');
INSERT INTO department(department_id, faculty, university) VALUES (2, 'Architecture', 'Princeton University');
INSERT INTO department(department_id, faculty, university) VALUES (3, 'Psychology', 'Harvard University');
INSERT INTO department(department_id, faculty, university) VALUES (4, 'Biochemistry', 'Harvard University');
INSERT INTO department(department_id, faculty, university) VALUES (5, 'History of Art', 'Columbia University');
INSERT INTO department(department_id, faculty, university) VALUES (6, 'Philosophy', 'Columbia University');
INSERT INTO department(department_id, faculty, university) VALUES (7, 'Law', 'Yale University');
INSERT INTO department(department_id, faculty, university) VALUES (8, 'Manufacturing and management', 'Yale University');
INSERT INTO department(department_id, faculty, university) VALUES (9, 'Gender Studies', 'Stanford University');
INSERT INTO department(department_id, faculty, university) VALUES (10, 'Linguistics', 'Stanford University');

INSERT INTO profession (profession_id, name) VALUES (1, 'Cleaner');
INSERT INTO profession (profession_id, name) VALUES (2, 'Manager');
INSERT INTO profession (profession_id, name) VALUES (3, 'CEO');
INSERT INTO profession (profession_id, name) VALUES (4, 'Cook');
INSERT INTO profession (profession_id, name) VALUES (5, 'Salesman');
INSERT INTO profession (profession_id, name) VALUES (6, 'Electrician');
INSERT INTO profession (profession_id, name) VALUES (7, 'Gardener');
INSERT INTO profession (profession_id, name) VALUES (8, 'Security');
INSERT INTO profession (profession_id, name) VALUES (9, 'Secretary');
INSERT INTO profession (profession_id, name) VALUES (10, 'Accountant');

INSERT INTO category (category_id, name) VALUES (1, 'Adventure');
INSERT INTO category (category_id, name) VALUES (2, 'Classics');
INSERT INTO category (category_id, name) VALUES (3, 'Comic Book');
INSERT INTO category (category_id, name) VALUES (4, 'Detective');
INSERT INTO category (category_id, name) VALUES (5, 'Mystery');
INSERT INTO category (category_id, name) VALUES (6, 'Fantasy');
INSERT INTO category (category_id, name) VALUES (7, 'Historical Fiction');
INSERT INTO category (category_id, name) VALUES (8, 'Science Fiction');
INSERT INTO category (category_id, name) VALUES (9, 'Horror');
INSERT INTO category (category_id, name) VALUES (10, 'Action');

INSERT INTO subject (subject_id, name) VALUES (1, 'Architecture');
INSERT INTO subject (subject_id, name) VALUES (2, 'Economics');
INSERT INTO subject (subject_id, name) VALUES (3, 'Business&Management');
INSERT INTO subject (subject_id, name) VALUES (4, 'Engineering');
INSERT INTO subject (subject_id, name) VALUES (5, 'Art');
INSERT INTO subject (subject_id, name) VALUES (6, 'Law');
INSERT INTO subject (subject_id, name) VALUES (7, 'Finance');
INSERT INTO subject (subject_id, name) VALUES (8, 'History');
INSERT INTO subject (subject_id, name) VALUES (9, 'Linguistics');
INSERT INTO subject (subject_id, name) VALUES (10, 'Gender Studies');

INSERT INTO library (library_id, address) VALUES (1, '205 West 39');
INSERT INTO library (library_id, address) VALUES (2, '1600 Pennsylvania Avenue');
INSERT INTO library (library_id, address) VALUES (3, '11 Wall Street');
INSERT INTO library (library_id, address) VALUES (4, '350 Fifth Avenue');
INSERT INTO library (library_id, address) VALUES (5, '221 B Baker Street');
INSERT INTO library (library_id, address) VALUES (6, '2 Macquarie Street');
INSERT INTO library (library_id, address) VALUES (7, '4059 Mt Lee Dr.');
INSERT INTO library (library_id, address) VALUES (8, '48 Doughty Street');
INSERT INTO library (library_id, address) VALUES (9, '25 Brook Street');
INSERT INTO library (library_id, address) VALUES (10, '1 Pirogova Street');

INSERT INTO reader (reader_id, firstname, lastname, assigned_library_id) VALUES (1, 'John', 'Williams', 1);
INSERT INTO reader (reader_id, firstname, lastname, assigned_library_id) VALUES (2, 'Richard', 'Williams', 1);
INSERT INTO reader (reader_id, firstname, lastname, assigned_library_id) VALUES (3, 'James', 'Stevenson', 1);
INSERT INTO reader (reader_id, firstname, lastname, assigned_library_id) VALUES (4, 'Steve', 'Brown', 1);
INSERT INTO reader (reader_id, firstname, lastname, assigned_library_id) VALUES (5, 'Christian', 'Johnson', 2);
INSERT INTO reader (reader_id, firstname, lastname, assigned_library_id) VALUES (6, 'Olivia', 'Jones', 2);
INSERT INTO reader (reader_id, firstname, lastname, assigned_library_id) VALUES (7, 'William', 'Jones', 2);
INSERT INTO reader (reader_id, firstname, lastname, assigned_library_id) VALUES (8, 'Noah', 'Garcia', 2);
INSERT INTO reader (reader_id, firstname, lastname, assigned_library_id) VALUES (9, 'Herman', 'Miller', 2);
INSERT INTO reader (reader_id, firstname, lastname, assigned_library_id) VALUES (10, 'Emma', 'Davis', 3);
INSERT INTO reader (reader_id, firstname, lastname, assigned_library_id) VALUES (11, 'Ava', 'Martinez', 3);
INSERT INTO reader (reader_id, firstname, lastname, assigned_library_id) VALUES (12, 'Sophia', 'Lopez', 4);
INSERT INTO reader (reader_id, firstname, lastname, assigned_library_id) VALUES (13, 'Isabella', 'Hernandez', 4);
INSERT INTO reader (reader_id, firstname, lastname, assigned_library_id) VALUES (14, 'Charlotte', 'Wilson', 5);
INSERT INTO reader (reader_id, firstname, lastname, assigned_library_id) VALUES (15, 'Amelia', 'Gonzales', 5);
INSERT INTO reader (reader_id, firstname, lastname, assigned_library_id) VALUES (16, 'Mia', 'Anderson', 5);
INSERT INTO reader (reader_id, firstname, lastname, assigned_library_id) VALUES (17, 'Evelyn', 'Thomas', 1);
INSERT INTO reader (reader_id, firstname, lastname, assigned_library_id) VALUES (18, 'Harper', 'Taylor', 5);
INSERT INTO reader (reader_id, firstname, lastname, assigned_library_id) VALUES (19, 'Ethan', 'Moore', 5);
INSERT INTO reader (reader_id, firstname, lastname, assigned_library_id) VALUES (20, 'Mason', 'Martin', 5);
INSERT INTO reader (reader_id, firstname, lastname, assigned_library_id) VALUES (21, 'Benjamin', 'Perez', 5);
INSERT INTO reader (reader_id, firstname, lastname, assigned_library_id) VALUES (22, 'Lucas', 'Thompson', 5);
INSERT INTO reader (reader_id, firstname, lastname, assigned_library_id) VALUES (23, 'Oliver', 'Lee', 5);
INSERT INTO reader (reader_id, firstname, lastname, assigned_library_id) VALUES (24, 'Mason', 'White', 5);
INSERT INTO reader (reader_id, firstname, lastname, assigned_library_id) VALUES (25, 'Richard', 'Harris', 6);
INSERT INTO reader (reader_id, firstname, lastname, assigned_library_id) VALUES (26, 'James', 'Clark', 6);
INSERT INTO reader (reader_id, firstname, lastname, assigned_library_id) VALUES (27, 'Olivia', 'Lewis', 6);
INSERT INTO reader (reader_id, firstname, lastname, assigned_library_id) VALUES (28, 'Steve', 'Walker', 7);
INSERT INTO reader (reader_id, firstname, lastname, assigned_library_id) VALUES (29, 'Christian', 'Young', 7);
INSERT INTO reader (reader_id, firstname, lastname, assigned_library_id) VALUES (30, 'Noah', 'Allen', 7);
INSERT INTO reader (reader_id, firstname, lastname, assigned_library_id) VALUES (31, 'Emma', 'King', 7);
INSERT INTO reader (reader_id, firstname, lastname, assigned_library_id) VALUES (32, 'Emma', 'Wright', 8);
INSERT INTO reader (reader_id, firstname, lastname, assigned_library_id) VALUES (33, 'Ava', 'Scott', 8);
INSERT INTO reader (reader_id, firstname, lastname, assigned_library_id) VALUES (34, 'Charlotte', 'Hill', 8);
INSERT INTO reader (reader_id, firstname, lastname, assigned_library_id) VALUES (35, 'Isabella', 'Flores', 8);
INSERT INTO reader (reader_id, firstname, lastname, assigned_library_id) VALUES (36, 'Amelia', 'Torres', 8);
INSERT INTO reader (reader_id, firstname, lastname, assigned_library_id) VALUES (37, 'Mia', 'Green', 9);
INSERT INTO reader (reader_id, firstname, lastname, assigned_library_id) VALUES (38, 'Evelyn', 'Adams', 10);
INSERT INTO reader (reader_id, firstname, lastname, assigned_library_id) VALUES (39, 'Mason', 'Nelson', 10);
INSERT INTO reader (reader_id, firstname, lastname, assigned_library_id) VALUES (40, 'Benjamin', 'Baker', 10);
INSERT INTO reader (reader_id, firstname, lastname, assigned_library_id) VALUES (41, 'Lucas', 'Smith', 10);

INSERT INTO worker (worker_id, company_id, profession_id, reader_id) VALUES (1, 1, 1, 1);
INSERT INTO worker (worker_id, company_id, profession_id, reader_id) VALUES (2, 2, 1, 2);
INSERT INTO worker (worker_id, company_id, profession_id, reader_id) VALUES (3, 1, 3, 3);
INSERT INTO worker (worker_id, company_id, profession_id, reader_id) VALUES (4, 1, 6, 4);
INSERT INTO worker (worker_id, company_id, profession_id, reader_id) VALUES (5, 6, 1, 5);
INSERT INTO worker (worker_id, company_id, profession_id, reader_id) VALUES (6, 7, 4, 6);
INSERT INTO worker (worker_id, company_id, profession_id, reader_id) VALUES (7, 1, 5, 7);
INSERT INTO worker (worker_id, company_id, profession_id, reader_id) VALUES (8, 8, 1, 8);
INSERT INTO worker (worker_id, company_id, profession_id, reader_id) VALUES (9, 9, 2, 9);
INSERT INTO worker (worker_id, company_id, profession_id, reader_id) VALUES (10, 10, 3, 10);
INSERT INTO worker (worker_id, company_id, profession_id, reader_id) VALUES (11, 1, 4, 11);
INSERT INTO worker (worker_id, company_id, profession_id, reader_id) VALUES (12, 1, 7, 12);
INSERT INTO worker (worker_id, company_id, profession_id, reader_id) VALUES (13, 7, 1, 13);
INSERT INTO worker (worker_id, company_id, profession_id, reader_id) VALUES (14, 9, 5, 14);
INSERT INTO worker (worker_id, company_id, profession_id, reader_id) VALUES (15, 7, 9, 15);
INSERT INTO worker (worker_id, company_id, profession_id, reader_id) VALUES (16, 2, 8, 16);
INSERT INTO worker (worker_id, company_id, profession_id, reader_id) VALUES (17, 5, 4, 17);
INSERT INTO worker (worker_id, company_id, profession_id, reader_id) VALUES (18, 4, 3, 18);
INSERT INTO worker (worker_id, company_id, profession_id, reader_id) VALUES (19, 9, 1, 19);
INSERT INTO worker (worker_id, company_id, profession_id, reader_id) VALUES (20, 3, 3, 20);
INSERT INTO worker (worker_id, company_id, profession_id, reader_id) VALUES (21, 6, 6, 21);

INSERT INTO student (student_id, department_id, student_code, reader_id) VALUES (1, 1, 1222345632, 22);
INSERT INTO student (student_id, department_id, student_code, reader_id) VALUES (2, 1, 1222345633, 23);
INSERT INTO student (student_id, department_id, student_code, reader_id) VALUES (3, 1, 1222345634, 24);
INSERT INTO student (student_id, department_id, student_code, reader_id) VALUES (4, 1, 1222345635, 25);
INSERT INTO student (student_id, department_id, student_code, reader_id) VALUES (5, 1, 1222345636, 26);
INSERT INTO student (student_id, department_id, student_code, reader_id) VALUES (6, 6, 1222345637, 27);
INSERT INTO student (student_id, department_id, student_code, reader_id) VALUES (7, 6, 1222345638, 28);
INSERT INTO student (student_id, department_id, student_code, reader_id) VALUES (8, 6, 1222345639, 29);
INSERT INTO student (student_id, department_id, student_code, reader_id) VALUES (9, 6, 1222341632, 30);
INSERT INTO student (student_id, department_id, student_code, reader_id) VALUES (10, 5, 1222325632, 31);
INSERT INTO student (student_id, department_id, student_code, reader_id) VALUES (11, 7, 1222355632, 32);
INSERT INTO student (student_id, department_id, student_code, reader_id) VALUES (12, 7, 1222365632, 33);
INSERT INTO student (student_id, department_id, student_code, reader_id) VALUES (13, 7, 1222375632, 34);
INSERT INTO student (student_id, department_id, student_code, reader_id) VALUES (14, 7, 1222385632, 35);
INSERT INTO student (student_id, department_id, student_code, reader_id) VALUES (15, 1, 1222395632, 36);
INSERT INTO student (student_id, department_id, student_code, reader_id) VALUES (16, 1, 1222305632, 37);
INSERT INTO student (student_id, department_id, student_code, reader_id) VALUES (17, 8, 1232345632, 38);
INSERT INTO student (student_id, department_id, student_code, reader_id) VALUES (18, 8, 1242345632, 39);
INSERT INTO student (student_id, department_id, student_code, reader_id) VALUES (19, 8, 1252345632, 40);
INSERT INTO student (student_id, department_id, student_code, reader_id) VALUES (20, 8, 1262345632, 41);

INSERT INTO storage (storage_id, library_id, room_number) VALUES (1, 1, 1);
INSERT INTO storage (storage_id, library_id, room_number) VALUES (2, 2, 1);
INSERT INTO storage (storage_id, library_id, room_number) VALUES (3, 2, 2);
INSERT INTO storage (storage_id, library_id, room_number) VALUES (4, 2, 3);
INSERT INTO storage (storage_id, library_id, room_number) VALUES (5, 3, 1);
INSERT INTO storage (storage_id, library_id, room_number) VALUES (6, 4, 1);
INSERT INTO storage (storage_id, library_id, room_number) VALUES (7, 5, 1);
INSERT INTO storage (storage_id, library_id, room_number) VALUES (8, 6, 1);
INSERT INTO storage (storage_id, library_id, room_number) VALUES (9, 7, 1);
INSERT INTO storage (storage_id, library_id, room_number) VALUES (10, 8, 1);
INSERT INTO storage (storage_id, library_id, room_number) VALUES (11, 9, 1);
INSERT INTO storage (storage_id, library_id, room_number) VALUES (12, 10, 1);

INSERT INTO staff (staff_id, firstname, lastname, storage_id) VALUES (1, 'Richard', 'Williams', 1);
INSERT INTO staff (staff_id, firstname, lastname, storage_id) VALUES (2, 'Henry', 'Hall', 1);
INSERT INTO staff (staff_id, firstname, lastname, storage_id) VALUES (3, 'Olivia', 'Campbell', 2);
INSERT INTO staff (staff_id, firstname, lastname, storage_id) VALUES (4, 'Emy', 'Mitchell', 3);
INSERT INTO staff (staff_id, firstname, lastname, storage_id) VALUES (5, 'Steven', 'Carter', 3);
INSERT INTO staff (staff_id, firstname, lastname, storage_id) VALUES (6, 'William', 'Roberts', 4);
INSERT INTO staff (staff_id, firstname, lastname, storage_id) VALUES (7, 'James', 'Phillips', 5);
INSERT INTO staff (staff_id, firstname, lastname, storage_id) VALUES (8, 'Evelyn', 'Evans', 5);
INSERT INTO staff (staff_id, firstname, lastname, storage_id) VALUES (9, 'Amelia', 'Turner', 5);
INSERT INTO staff (staff_id, firstname, lastname, storage_id) VALUES (10, 'Benjamin', 'Smith', 6);
INSERT INTO staff (staff_id, firstname, lastname, storage_id) VALUES (11, 'Ava', 'Parker', 7);
INSERT INTO staff (staff_id, firstname, lastname, storage_id) VALUES (12, 'Mason', 'Williams', 8);
INSERT INTO staff (staff_id, firstname, lastname, storage_id) VALUES (13, 'Ethan', 'Morgan', 9);
INSERT INTO staff (staff_id, firstname, lastname, storage_id) VALUES (14, 'Harper', 'Cook', 10);
INSERT INTO staff (staff_id, firstname, lastname, storage_id) VALUES (15, 'John', 'Murphy', 11);
INSERT INTO staff (staff_id, firstname, lastname, storage_id) VALUES (16, 'Henry', 'Morales', 12);
INSERT INTO staff (staff_id, firstname, lastname, storage_id) VALUES (17, 'Amelia', 'Morris', 11);
INSERT INTO staff (staff_id, firstname, lastname, storage_id) VALUES (18, 'Emma', 'Stewart', 10);
INSERT INTO staff (staff_id, firstname, lastname, storage_id) VALUES (19, 'Noah', 'Reyes', 9);
INSERT INTO staff (staff_id, firstname, lastname, storage_id) VALUES (20, 'Sofia', 'Collins', 8);

INSERT INTO bookposition (position_id, storage_id, rack_number, shelf_number) VALUES (1, 1, 1, 1);
INSERT INTO bookposition (position_id, storage_id, rack_number, shelf_number) VALUES (2, 2, 1, 1);
INSERT INTO bookposition (position_id, storage_id, rack_number, shelf_number) VALUES (3, 2, 1, 2);
INSERT INTO bookposition (position_id, storage_id, rack_number, shelf_number) VALUES (4, 2, 2, 1);
INSERT INTO bookposition (position_id, storage_id, rack_number, shelf_number) VALUES (5, 3, 1, 1);
INSERT INTO bookposition (position_id, storage_id, rack_number, shelf_number) VALUES (6, 4, 1, 1);
INSERT INTO bookposition (position_id, storage_id, rack_number, shelf_number) VALUES (7, 5, 1, 1);
INSERT INTO bookposition (position_id, storage_id, rack_number, shelf_number) VALUES (8, 5, 2, 1);
INSERT INTO bookposition (position_id, storage_id, rack_number, shelf_number) VALUES (9, 6, 1, 1);
INSERT INTO bookposition (position_id, storage_id, rack_number, shelf_number) VALUES (10, 7, 1, 1);
INSERT INTO bookposition (position_id, storage_id, rack_number, shelf_number) VALUES (11, 8, 1, 1);
INSERT INTO bookposition (position_id, storage_id, rack_number, shelf_number) VALUES (12, 9, 1, 1);
INSERT INTO bookposition (position_id, storage_id, rack_number, shelf_number) VALUES (13, 10, 1, 1);
INSERT INTO bookposition (position_id, storage_id, rack_number, shelf_number) VALUES (14, 11, 1, 1);
INSERT INTO bookposition (position_id, storage_id, rack_number, shelf_number) VALUES (15, 12, 1, 1);
INSERT INTO bookposition (position_id, storage_id, rack_number, shelf_number) VALUES (16, 12, 1, 2);
INSERT INTO bookposition (position_id, storage_id, rack_number, shelf_number) VALUES (17, 12, 1, 3);
INSERT INTO bookposition (position_id, storage_id, rack_number, shelf_number) VALUES (18, 11, 1, 2);
INSERT INTO bookposition (position_id, storage_id, rack_number, shelf_number) VALUES (19, 11, 2, 1);
INSERT INTO bookposition (position_id, storage_id, rack_number, shelf_number) VALUES (20, 11, 3, 1);

INSERT INTO author (author_id, firstname, lastname) VALUES (1, 'John', 'Tolkien');
INSERT INTO author (author_id, firstname, lastname) VALUES (2, 'George', 'Martin');
INSERT INTO author (author_id, firstname, lastname) VALUES (3, 'Jules', 'Verne');
INSERT INTO author (author_id, firstname, lastname) VALUES (4, 'Scott', 'Fitzgerald');
INSERT INTO author (author_id, firstname, lastname) VALUES (5, 'Jane', 'Austin');
INSERT INTO author (author_id, firstname, lastname) VALUES (6, 'Leo', 'Tolstoy');
INSERT INTO author (author_id, firstname, lastname) VALUES (7, 'Charles', 'Dickens');
INSERT INTO author (author_id, firstname, lastname) VALUES (8, 'Frank', 'Herbert');
INSERT INTO author (author_id, firstname, lastname) VALUES (9, 'Neal', 'Stephenson');
INSERT INTO author (author_id, firstname, lastname) VALUES (10, 'Dan', 'Simmons');
INSERT INTO author (author_id, firstname, lastname) VALUES (11, 'John', 'Elliot');
INSERT INTO author (author_id, firstname, lastname) VALUES (12, 'Emy', 'Roberts');
INSERT INTO author (author_id, firstname, lastname) VALUES (13, 'Oliver', 'Smith');
INSERT INTO author (author_id, firstname, lastname) VALUES (14, 'James', 'Evans');
INSERT INTO author (author_id, firstname, lastname) VALUES (15, 'Noah', 'Williams');
INSERT INTO author (author_id, firstname, lastname) VALUES (16, 'Olivia', 'Hall');
INSERT INTO author (author_id, firstname, lastname) VALUES (17, 'Steve', 'Lewis');
INSERT INTO author (author_id, firstname, lastname) VALUES (18, 'Ethan', 'Campbell');

INSERT INTO publication (publication_id, title, author_id) VALUES (1, 'The Lord of the Rings', 1);
INSERT INTO publication (publication_id, title, author_id) VALUES (2, 'The Hobbit', 1);
INSERT INTO publication (publication_id, title, author_id) VALUES (3, 'A Game of Thrones', 2);
INSERT INTO publication (publication_id, title, author_id) VALUES (4, 'A Storm of Swords', 2);
INSERT INTO publication (publication_id, title, author_id) VALUES (5, 'Twenty Thousand Leagues Under the Sea', 3);
INSERT INTO publication (publication_id, title, author_id) VALUES (6, 'Around the World in Eighty Days', 3);
INSERT INTO publication (publication_id, title, author_id) VALUES (7, 'Journey to the Center of the Earth', 3);
INSERT INTO publication (publication_id, title, author_id) VALUES (8, 'The Great Gatsby', 4);
INSERT INTO publication (publication_id, title, author_id) VALUES (9, 'Pride and Prejudice', 5);
INSERT INTO publication (publication_id, title, author_id) VALUES (10, 'Anna Karenina', 6);
INSERT INTO publication (publication_id, title, author_id) VALUES (11, 'War and Peace', 6);
INSERT INTO publication (publication_id, title, author_id) VALUES (12, 'Great Expectations', 7);
INSERT INTO publication (publication_id, title, author_id) VALUES (13, 'Oliver Twist', 7);
INSERT INTO publication (publication_id, title, author_id) VALUES (14, 'Dune', 8);
INSERT INTO publication (publication_id, title, author_id) VALUES (15, 'Snow Crash', 9);
INSERT INTO publication (publication_id, title, author_id) VALUES (16, 'Hyperion', 10);
INSERT INTO publication (publication_id, title, author_id) VALUES (17, 'Architecture of Monaco', 11);
INSERT INTO publication (publication_id, title, author_id) VALUES (18, 'Architecture of Ancient Greece', 11);
INSERT INTO publication (publication_id, title, author_id) VALUES (19, 'Architecture of the Future', 11);
INSERT INTO publication (publication_id, title, author_id) VALUES (20, 'Architecture of Modern Villages', 11);
INSERT INTO publication (publication_id, title, author_id) VALUES (21, 'Team Leading in XXI century', 12);
INSERT INTO publication (publication_id, title, author_id) VALUES (22, 'Shopping Preferences of Millenials', 12);
INSERT INTO publication (publication_id, title, author_id) VALUES (23, 'Trumps influence on modern economy', 13);
INSERT INTO publication (publication_id, title, author_id) VALUES (24, 'Nuclear Engines Research', 14);
INSERT INTO publication (publication_id, title, author_id) VALUES (25, 'Research about Modern Art', 15);
INSERT INTO publication (publication_id, title, author_id) VALUES (26, 'Unique Style of Jean Michelle Basquiat', 15);
INSERT INTO publication (publication_id, title, author_id) VALUES (27, 'Napoleon Bonapart. What we know today.', 16);
INSERT INTO publication (publication_id, title, author_id) VALUES (28, 'How globalization influences on language', 17);
INSERT INTO publication (publication_id, title, author_id) VALUES (29, 'Most popular American words in 2020', 17);
INSERT INTO publication (publication_id, title, author_id) VALUES (30, 'Should animals choose a gender', 18);
INSERT INTO publication (publication_id, title, author_id) VALUES (31, 'New genders of last 10 years', 18);

INSERT INTO book (book_id, publication_id, category_id) VALUES (1, 1, 6);
INSERT INTO book (book_id, publication_id, category_id) VALUES (2, 2, 6);
INSERT INTO book (book_id, publication_id, category_id) VALUES (3, 3, 6);
INSERT INTO book (book_id, publication_id, category_id) VALUES (4, 4, 6);
INSERT INTO book (book_id, publication_id, category_id) VALUES (5, 5, 1);
INSERT INTO book (book_id, publication_id, category_id) VALUES (6, 6, 1);
INSERT INTO book (book_id, publication_id, category_id) VALUES (7, 7, 1);
INSERT INTO book (book_id, publication_id, category_id) VALUES (8, 8, 2);
INSERT INTO book (book_id, publication_id, category_id) VALUES (9, 9, 2);
INSERT INTO book (book_id, publication_id, category_id) VALUES (10, 10, 2);
INSERT INTO book (book_id, publication_id, category_id) VALUES (11, 11, 2);
INSERT INTO book (book_id, publication_id, category_id) VALUES (12, 12, 2);
INSERT INTO book (book_id, publication_id, category_id) VALUES (13, 13, 2);
INSERT INTO book (book_id, publication_id, category_id) VALUES (14, 14, 8);
INSERT INTO book (book_id, publication_id, category_id) VALUES (15, 15, 8);
INSERT INTO book (book_id, publication_id, category_id) VALUES (16, 16, 8);

INSERT INTO dissertation (dissertation_id, publication_id, subject_id) VALUES (1, 17, 1);
INSERT INTO dissertation (dissertation_id, publication_id, subject_id) VALUES (2, 18, 1);
INSERT INTO dissertation (dissertation_id, publication_id, subject_id) VALUES (3, 19, 1);
INSERT INTO dissertation (dissertation_id, publication_id, subject_id) VALUES (4, 20, 1);
INSERT INTO dissertation (dissertation_id, publication_id, subject_id) VALUES (5, 21, 3);
INSERT INTO dissertation (dissertation_id, publication_id, subject_id) VALUES (6, 22, 3);
INSERT INTO dissertation (dissertation_id, publication_id, subject_id) VALUES (7, 23, 2);
INSERT INTO dissertation (dissertation_id, publication_id, subject_id) VALUES (8, 24, 4);
INSERT INTO dissertation (dissertation_id, publication_id, subject_id) VALUES (9, 25, 5);
INSERT INTO dissertation (dissertation_id, publication_id, subject_id) VALUES (10, 26, 5);
INSERT INTO dissertation (dissertation_id, publication_id, subject_id) VALUES (11, 27, 8);
INSERT INTO dissertation (dissertation_id, publication_id, subject_id) VALUES (12, 28, 9);
INSERT INTO dissertation (dissertation_id, publication_id, subject_id) VALUES (13, 29, 9);
INSERT INTO dissertation (dissertation_id, publication_id, subject_id) VALUES (14, 30, 10);
INSERT INTO dissertation (dissertation_id, publication_id, subject_id) VALUES (15, 31, 10);

INSERT INTO edition (edition_id, edition_code, position_id, publication_id, date_arrived, date_left) VALUES (1, 000000001, 1, 1, '2010-01-20', '2020-01-20');
INSERT INTO edition (edition_id, edition_code, position_id, publication_id, date_arrived, date_left) VALUES (2, 000000002, 2, 1, '2010-01-20', '2020-01-20');
INSERT INTO edition (edition_id, edition_code, position_id, publication_id, date_arrived, date_left) VALUES (3, 000000003, 2, 2, '2010-01-20', '2020-01-20');
INSERT INTO edition (edition_id, edition_code, position_id, publication_id, date_arrived, date_left) VALUES (4, 000000004, 2, 2, '2010-01-20', '2020-01-20');
INSERT INTO edition (edition_id, edition_code, position_id, publication_id, date_arrived, date_left) VALUES (5, 000000005, 3, 2, '2010-01-20', '2020-01-20');
INSERT INTO edition (edition_id, edition_code, position_id, publication_id, date_arrived, date_left) VALUES (6, 000000006, 4, 3, '2010-01-20', '2020-01-20');
INSERT INTO edition (edition_id, edition_code, position_id, publication_id, date_arrived, date_left) VALUES (7, 000000007, 4, 3, '2010-01-20', '2020-01-20');
INSERT INTO edition (edition_id, edition_code, position_id, publication_id, date_arrived, date_left) VALUES (8, 000000008, 4, 3, '2010-01-20', '2020-01-20');
INSERT INTO edition (edition_id, edition_code, position_id, publication_id, date_arrived, date_left) VALUES (9, 000000009, 5, 3, '2010-01-20', '2018-01-20');
INSERT INTO edition (edition_id, edition_code, position_id, publication_id, date_arrived, date_left) VALUES (10, 000000010, 5, 4, '2013-01-20', '2018-01-20');
INSERT INTO edition (edition_id, edition_code, position_id, publication_id, date_arrived, date_left) VALUES (11, 000000011, 6, 4, '2013-01-20', '2018-01-20');
INSERT INTO edition (edition_id, edition_code, position_id, publication_id, date_arrived, date_left) VALUES (12, 000000012, 6, 4, '2013-01-20', '2018-01-20');
INSERT INTO edition (edition_id, edition_code, position_id, publication_id, date_arrived, date_left) VALUES (13, 000000013, 6, 5, '2013-01-20', '2018-01-20');
INSERT INTO edition (edition_id, edition_code, position_id, publication_id, date_arrived, date_left) VALUES (14, 000000014, 6, 5, '2013-01-20', '2018-01-20');
INSERT INTO edition (edition_id, edition_code, position_id, publication_id, date_arrived, date_left) VALUES (15, 000000015, 6, 6, '2013-01-20', '2018-01-20');
INSERT INTO edition (edition_id, edition_code, position_id, publication_id, date_arrived, date_left) VALUES (16, 000000016, 7, 6, '2013-01-20', '2018-01-20');
INSERT INTO edition (edition_id, edition_code, position_id, publication_id, date_arrived, date_left) VALUES (17, 000000017, 7, 6, '2013-01-20', '2018-01-20');
INSERT INTO edition (edition_id, edition_code, position_id, publication_id, date_arrived, date_left) VALUES (18, 000000018, 7, 7, '2013-01-20', '2018-01-20');
INSERT INTO edition (edition_id, edition_code, position_id, publication_id, date_arrived, date_left) VALUES (19, 000000019, 8, 7, '2013-01-20', '2018-01-20');
INSERT INTO edition (edition_id, edition_code, position_id, publication_id, date_arrived, date_left) VALUES (20, 000000020, 8, 7, '2013-01-20', '2018-01-20');
INSERT INTO edition (edition_id, edition_code, position_id, publication_id, date_arrived, date_left) VALUES (21, 000000021, 8, 7, '2013-01-20', '2018-01-20');
INSERT INTO edition (edition_id, edition_code, position_id, publication_id, date_arrived, date_left) VALUES (22, 000000022, 8, 8, '2013-01-20', '2018-01-20');
INSERT INTO edition (edition_id, edition_code, position_id, publication_id, date_arrived, date_left) VALUES (23, 000000023, 9, 8, '2013-01-20', '2018-01-20');
INSERT INTO edition (edition_id, edition_code, position_id, publication_id, date_arrived, date_left) VALUES (24, 000000024, 10, 9, '2010-01-20', '2020-01-20');
INSERT INTO edition (edition_id, edition_code, position_id, publication_id, date_arrived, date_left) VALUES (25, 000000025, 10, 9, '2010-01-20', '2020-01-20');
INSERT INTO edition (edition_id, edition_code, position_id, publication_id, date_arrived, date_left) VALUES (26, 000000026, 10, 10, '2010-01-20', '2020-01-20');
INSERT INTO edition (edition_id, edition_code, position_id, publication_id, date_arrived, date_left) VALUES (27, 000000027, 11, 10, '2010-01-20', '2020-01-20');
INSERT INTO edition (edition_id, edition_code, position_id, publication_id, date_arrived, date_left) VALUES (28, 000000028, 11, 10, '2010-01-20', '2020-01-20');
INSERT INTO edition (edition_id, edition_code, position_id, publication_id, date_arrived, date_left) VALUES (29, 000000029, 12, 11, '2010-01-20', '2020-01-20');
INSERT INTO edition (edition_id, edition_code, position_id, publication_id, date_arrived, date_left) VALUES (30, 000000030, 12, 11, '2010-01-20', '2020-01-20');
INSERT INTO edition (edition_id, edition_code, position_id, publication_id, date_arrived, date_left) VALUES (31, 000000031, 12, 11, '2010-01-20', '2020-01-20');
INSERT INTO edition (edition_id, edition_code, position_id, publication_id, date_arrived, date_left) VALUES (32, 000000032, 12, 12, '2010-01-20', '2020-01-20');
INSERT INTO edition (edition_id, edition_code, position_id, publication_id, date_arrived, date_left) VALUES (33, 000000033, 13, 12, '2010-01-20', '2020-01-20');
INSERT INTO edition (edition_id, edition_code, position_id, publication_id, date_arrived, date_left) VALUES (34, 000000034, 14, 13, '2010-01-20', '2020-01-20');
INSERT INTO edition (edition_id, edition_code, position_id, publication_id, date_arrived, date_left) VALUES (35, 000000035, 15, 14, '2010-01-20', '2020-01-20');
INSERT INTO edition (edition_id, edition_code, position_id, publication_id, date_arrived, date_left) VALUES (36, 000000036, 15, 14, '2010-01-20', '2020-01-20');
INSERT INTO edition (edition_id, edition_code, position_id, publication_id, date_arrived, date_left) VALUES (37, 000000037, 16, 14, '2010-01-20', '2020-01-20');
INSERT INTO edition (edition_id, edition_code, position_id, publication_id, date_arrived, date_left) VALUES (38, 000000038, 16, 15, '2010-01-20', '2020-01-20');
INSERT INTO edition (edition_id, edition_code, position_id, publication_id, date_arrived, date_left) VALUES (39, 000000039, 17, 15, '2010-01-20', '2020-01-20');
INSERT INTO edition (edition_id, edition_code, position_id, publication_id, date_arrived, date_left) VALUES (40, 000000040, 18, 16, '2010-01-20', '2020-01-20');
INSERT INTO edition (edition_id, edition_code, position_id, publication_id, date_arrived, date_left) VALUES (41, 000000041, 19, 16, '2010-01-20', '2020-01-20');
INSERT INTO edition (edition_id, edition_code, position_id, publication_id, date_arrived, date_left) VALUES (42, 000000042, 19, 17, '2010-01-20', '2020-01-20');
INSERT INTO edition (edition_id, edition_code, position_id, publication_id, date_arrived, date_left) VALUES (43, 000000043, 19, 18, '2010-01-20', '2020-01-20');
INSERT INTO edition (edition_id, edition_code, position_id, publication_id, date_arrived, date_left) VALUES (44, 000000044, 20, 18, '2010-01-20', '2020-01-20');
INSERT INTO edition (edition_id, edition_code, position_id, publication_id, date_arrived, date_left) VALUES (45, 000000045, 20, 19, '2010-01-20', '2020-01-20');
INSERT INTO edition (edition_id, edition_code, position_id, publication_id, date_arrived, date_left) VALUES (46, 000000046, 19, 19, '2010-01-20', '2020-01-20');
INSERT INTO edition (edition_id, edition_code, position_id, publication_id, date_arrived, date_left) VALUES (47, 000000047, 18, 19, '2010-01-20', '2020-01-20');
INSERT INTO edition (edition_id, edition_code, position_id, publication_id, date_arrived, date_left) VALUES (48, 000000048, 17, 20, '2010-01-20', '2020-01-20');
INSERT INTO edition (edition_id, edition_code, position_id, publication_id, date_arrived, date_left) VALUES (49, 000000049, 16, 20, '2010-01-20', '2020-01-20');
INSERT INTO edition (edition_id, edition_code, position_id, publication_id, date_arrived, date_left) VALUES (50, 000000050, 15, 21, '2010-01-20', '2020-01-20');
INSERT INTO edition (edition_id, edition_code, position_id, publication_id, date_arrived, date_left) VALUES (51, 000000051, 14, 21, '2010-01-20', '2020-01-20');
INSERT INTO edition (edition_id, edition_code, position_id, publication_id, date_arrived, date_left) VALUES (52, 000000052, 13, 22, '2010-01-20', '2020-01-20');
INSERT INTO edition (edition_id, edition_code, position_id, publication_id, date_arrived, date_left) VALUES (53, 000000053, 12, 22, '2010-01-20', '2020-01-20');
INSERT INTO edition (edition_id, edition_code, position_id, publication_id, date_arrived, date_left) VALUES (54, 000000054, 11, 23, '2010-01-20', '2020-01-20');
INSERT INTO edition (edition_id, edition_code, position_id, publication_id, date_arrived, date_left) VALUES (55, 000000055, 10, 24, '2010-01-20', '2020-01-20');
INSERT INTO edition (edition_id, edition_code, position_id, publication_id, date_arrived, date_left) VALUES (56, 000000056, 9, 24, '2010-01-20', '2020-01-20');
INSERT INTO edition (edition_id, edition_code, position_id, publication_id, date_arrived, date_left) VALUES (57, 000000057, 8, 25, '2010-01-20', '2020-01-20');
INSERT INTO edition (edition_id, edition_code, position_id, publication_id, date_arrived, date_left) VALUES (58, 000000058, 7, 25, '2010-01-20', '2020-01-20');
INSERT INTO edition (edition_id, edition_code, position_id, publication_id, date_arrived, date_left) VALUES (59, 000000059, 6, 26, '2010-01-20', '2020-01-20');
INSERT INTO edition (edition_id, edition_code, position_id, publication_id, date_arrived, date_left) VALUES (60, 000000060, 5, 26, '2010-01-20', '2020-01-20');
INSERT INTO edition (edition_id, edition_code, position_id, publication_id, date_arrived, date_left) VALUES (61, 000000061, 4, 26, '2010-01-20', '2020-01-20');
INSERT INTO edition (edition_id, edition_code, position_id, publication_id, date_arrived, date_left) VALUES (62, 000000062, 3, 27, '2010-01-20', '2020-01-20');
INSERT INTO edition (edition_id, edition_code, position_id, publication_id, date_arrived, date_left) VALUES (63, 000000063, 2, 27, '2010-01-20', '2020-01-20');
INSERT INTO edition (edition_id, edition_code, position_id, publication_id, date_arrived, date_left) VALUES (64, 000000064, 1, 28, '2020-01-20', NULL);
INSERT INTO edition (edition_id, edition_code, position_id, publication_id, date_arrived, date_left) VALUES (65, 000000065, 2, 28, '2020-01-20', NULL);
INSERT INTO edition (edition_id, edition_code, position_id, publication_id, date_arrived, date_left) VALUES (66, 000000066, 3, 29, '2020-01-20', NULL);
INSERT INTO edition (edition_id, edition_code, position_id, publication_id, date_arrived, date_left) VALUES (67, 000000067, 4, 30, '2020-01-20', NULL);
INSERT INTO edition (edition_id, edition_code, position_id, publication_id, date_arrived, date_left) VALUES (68, 000000068, 5, 31, '2020-01-20', NULL);

INSERT INTO indoor (indoor_id, reason_for_indoor_usage_only, edition_id) VALUES (1, 'bad condition', 1);
INSERT INTO indoor (indoor_id, reason_for_indoor_usage_only, edition_id) VALUES (2, 'very expensive', 11);
INSERT INTO indoor (indoor_id, reason_for_indoor_usage_only, edition_id) VALUES (3, 'very popular', 21);
INSERT INTO indoor (indoor_id, reason_for_indoor_usage_only, edition_id) VALUES (4, 'bad condition', 31);
INSERT INTO indoor (indoor_id, reason_for_indoor_usage_only, edition_id) VALUES (5, 'rare', 41);
INSERT INTO indoor (indoor_id, reason_for_indoor_usage_only, edition_id) VALUES (6, 'popular', 51);
INSERT INTO indoor (indoor_id, reason_for_indoor_usage_only, edition_id) VALUES (7, 'rare', 61);

INSERT INTO outdoor (outdoor_id, rental_period, edition_id) VALUES (1, '1 month', 2);
INSERT INTO outdoor (outdoor_id, rental_period, edition_id) VALUES (2, '2 month', 3);
INSERT INTO outdoor (outdoor_id, rental_period, edition_id) VALUES (3, '1 month', 4);
INSERT INTO outdoor (outdoor_id, rental_period, edition_id) VALUES (4, '2 month', 5);
INSERT INTO outdoor (outdoor_id, rental_period, edition_id) VALUES (5, '2 month', 6);
INSERT INTO outdoor (outdoor_id, rental_period, edition_id) VALUES (6, '2 month', 7);
INSERT INTO outdoor (outdoor_id, rental_period, edition_id) VALUES (7, '2 month', 8);
INSERT INTO outdoor (outdoor_id, rental_period, edition_id) VALUES (8, '2 month', 9);
INSERT INTO outdoor (outdoor_id, rental_period, edition_id) VALUES (9, '1 month', 10);
INSERT INTO outdoor (outdoor_id, rental_period, edition_id) VALUES (10, '15 days', 12);
INSERT INTO outdoor (outdoor_id, rental_period, edition_id) VALUES (11, '10 days', 13);
INSERT INTO outdoor (outdoor_id, rental_period, edition_id) VALUES (12, '30 days', 14);
INSERT INTO outdoor (outdoor_id, rental_period, edition_id) VALUES (13, '1 month', 15);
INSERT INTO outdoor (outdoor_id, rental_period, edition_id) VALUES (14, '1 month', 16);
INSERT INTO outdoor (outdoor_id, rental_period, edition_id) VALUES (15, '1 month', 17);
INSERT INTO outdoor (outdoor_id, rental_period, edition_id) VALUES (16, '2 month', 18);
INSERT INTO outdoor (outdoor_id, rental_period, edition_id) VALUES (17, '1 month', 19);
INSERT INTO outdoor (outdoor_id, rental_period, edition_id) VALUES (18, '1 month', 20);
INSERT INTO outdoor (outdoor_id, rental_period, edition_id) VALUES (19, '1 month', 22);
INSERT INTO outdoor (outdoor_id, rental_period, edition_id) VALUES (20, '1 month', 23);
INSERT INTO outdoor (outdoor_id, rental_period, edition_id) VALUES (21, '1 month', 24);
INSERT INTO outdoor (outdoor_id, rental_period, edition_id) VALUES (22, '1 month', 25);
INSERT INTO outdoor (outdoor_id, rental_period, edition_id) VALUES (23, '1 month', 26);
INSERT INTO outdoor (outdoor_id, rental_period, edition_id) VALUES (24, '1 month', 27);
INSERT INTO outdoor (outdoor_id, rental_period, edition_id) VALUES (25, '1 month', 28);
INSERT INTO outdoor (outdoor_id, rental_period, edition_id) VALUES (26, '1 month', 29);
INSERT INTO outdoor (outdoor_id, rental_period, edition_id) VALUES (27, '2 month', 30);
INSERT INTO outdoor (outdoor_id, rental_period, edition_id) VALUES (28, '1 month', 32);
INSERT INTO outdoor (outdoor_id, rental_period, edition_id) VALUES (29, '1 month', 33);
INSERT INTO outdoor (outdoor_id, rental_period, edition_id) VALUES (30, '1 month', 34);
INSERT INTO outdoor (outdoor_id, rental_period, edition_id) VALUES (31, '3 month', 35);
INSERT INTO outdoor (outdoor_id, rental_period, edition_id) VALUES (32, '1 month', 36);
INSERT INTO outdoor (outdoor_id, rental_period, edition_id) VALUES (33, '2 month', 37);
INSERT INTO outdoor (outdoor_id, rental_period, edition_id) VALUES (34, '1 month', 38);
INSERT INTO outdoor (outdoor_id, rental_period, edition_id) VALUES (35, '1 month', 39);
INSERT INTO outdoor (outdoor_id, rental_period, edition_id) VALUES (36, '1 month', 40);
INSERT INTO outdoor (outdoor_id, rental_period, edition_id) VALUES (37, '1 month', 42);
INSERT INTO outdoor (outdoor_id, rental_period, edition_id) VALUES (38, '1 month', 43);
INSERT INTO outdoor (outdoor_id, rental_period, edition_id) VALUES (39, '30 days', 44);
INSERT INTO outdoor (outdoor_id, rental_period, edition_id) VALUES (40, '1 month', 45);
INSERT INTO outdoor (outdoor_id, rental_period, edition_id) VALUES (41, '1 month', 46);
INSERT INTO outdoor (outdoor_id, rental_period, edition_id) VALUES (42, '1 month', 47);
INSERT INTO outdoor (outdoor_id, rental_period, edition_id) VALUES (43, '1 month', 48);
INSERT INTO outdoor (outdoor_id, rental_period, edition_id) VALUES (44, '15 days', 49);
INSERT INTO outdoor (outdoor_id, rental_period, edition_id) VALUES (45, '1 month', 50);
INSERT INTO outdoor (outdoor_id, rental_period, edition_id) VALUES (46, '1 month', 52);
INSERT INTO outdoor (outdoor_id, rental_period, edition_id) VALUES (47, '1 month', 53);
INSERT INTO outdoor (outdoor_id, rental_period, edition_id) VALUES (48, '1 month', 54);
INSERT INTO outdoor (outdoor_id, rental_period, edition_id) VALUES (49, '1 month', 55);
INSERT INTO outdoor (outdoor_id, rental_period, edition_id) VALUES (50, '1 month', 56);
INSERT INTO outdoor (outdoor_id, rental_period, edition_id) VALUES (51, '1 month', 57);
INSERT INTO outdoor (outdoor_id, rental_period, edition_id) VALUES (52, '1 month', 58);
INSERT INTO outdoor (outdoor_id, rental_period, edition_id) VALUES (53, '11 days', 59);
INSERT INTO outdoor (outdoor_id, rental_period, edition_id) VALUES (54, '1 month', 60);
INSERT INTO outdoor (outdoor_id, rental_period, edition_id) VALUES (55, '1 month', 62);
INSERT INTO outdoor (outdoor_id, rental_period, edition_id) VALUES (56, '1 month', 63);
INSERT INTO outdoor (outdoor_id, rental_period, edition_id) VALUES (57, '10 days', 64);
INSERT INTO outdoor (outdoor_id, rental_period, edition_id) VALUES (58, '1 month', 65);
INSERT INTO outdoor (outdoor_id, rental_period, edition_id) VALUES (59, '1 month', 66);
INSERT INTO outdoor (outdoor_id, rental_period, edition_id) VALUES (60, '1 month', 67);
INSERT INTO outdoor (outdoor_id, rental_period, edition_id) VALUES (61, '1 month', 68);

INSERT INTO distribution (distribution_id, reader_id, edition_id, staff_id, date_give, date_return) VALUES (1, 1, 1, 1, '2015-03-16', '2015-03-27');
INSERT INTO distribution (distribution_id, reader_id, edition_id, staff_id, date_give, date_return) VALUES (2, 2, 1, 1, '2015-03-16', '2015-03-27');
INSERT INTO distribution (distribution_id, reader_id, edition_id, staff_id, date_give, date_return) VALUES (3, 3, 1, 1, '2015-03-16', '2015-03-27');
INSERT INTO distribution (distribution_id, reader_id, edition_id, staff_id, date_give, date_return) VALUES (4, 4, 1, 1, '2015-03-16', '2015-03-27');
INSERT INTO distribution (distribution_id, reader_id, edition_id, staff_id, date_give, date_return) VALUES (5, 5, 1, 1, '2015-03-16', '2015-03-27');
INSERT INTO distribution (distribution_id, reader_id, edition_id, staff_id, date_give, date_return) VALUES (6, 6, 1, 1, '2015-03-16', '2015-03-27');
INSERT INTO distribution (distribution_id, reader_id, edition_id, staff_id, date_give, date_return) VALUES (7, 7, 1, 1, '2015-03-16', '2015-03-27');
INSERT INTO distribution (distribution_id, reader_id, edition_id, staff_id, date_give, date_return) VALUES (8, 8, 1, 1, '2015-03-16', '2015-03-27');
INSERT INTO distribution (distribution_id, reader_id, edition_id, staff_id, date_give, date_return) VALUES (9, 8, 1, 1, '2015-03-16', '2015-03-27');
INSERT INTO distribution (distribution_id, reader_id, edition_id, staff_id, date_give, date_return) VALUES (10, 8, 1, 1, '2015-03-16', '2015-03-27');
INSERT INTO distribution (distribution_id, reader_id, edition_id, staff_id, date_give, date_return) VALUES (11, 9, 1, 1, '2015-03-16', '2015-03-27');
INSERT INTO distribution (distribution_id, reader_id, edition_id, staff_id, date_give, date_return) VALUES (12, 10, 1, 1, '2015-03-16', '2015-03-27');
INSERT INTO distribution (distribution_id, reader_id, edition_id, staff_id, date_give, date_return) VALUES (13, 11, 1, 1, '2015-03-16', '2015-03-27');
INSERT INTO distribution (distribution_id, reader_id, edition_id, staff_id, date_give, date_return) VALUES (14, 12, 1, 1, '2015-03-16', '2015-03-27');
INSERT INTO distribution (distribution_id, reader_id, edition_id, staff_id, date_give, date_return) VALUES (15, 13, 1, 1, '2015-03-16', '2015-03-27');
INSERT INTO distribution (distribution_id, reader_id, edition_id, staff_id, date_give, date_return) VALUES (16, 14, 1, 1, '2015-03-16', '2015-03-27');
INSERT INTO distribution (distribution_id, reader_id, edition_id, staff_id, date_give, date_return) VALUES (17, 15, 1, 1, '2015-03-16', '2015-03-27');
INSERT INTO distribution (distribution_id, reader_id, edition_id, staff_id, date_give, date_return) VALUES (18, 16, 1, 1, '2015-03-16', '2015-03-27');
INSERT INTO distribution (distribution_id, reader_id, edition_id, staff_id, date_give, date_return) VALUES (19, 17, 1, 1, '2015-03-16', '2015-03-27');
INSERT INTO distribution (distribution_id, reader_id, edition_id, staff_id, date_give, date_return) VALUES (20, 18, 1, 1, '2015-03-16', '2015-03-27');
INSERT INTO distribution (distribution_id, reader_id, edition_id, staff_id, date_give, date_return) VALUES (21, 19, 1, 1, '2015-03-16', '2015-03-27');
INSERT INTO distribution (distribution_id, reader_id, edition_id, staff_id, date_give, date_return) VALUES (22, 20, 1, 1, '2015-03-16', '2015-03-27');
INSERT INTO distribution (distribution_id, reader_id, edition_id, staff_id, date_give, date_return) VALUES (23, 19, 1, 1, '2015-03-16', '2015-03-27');
INSERT INTO distribution (distribution_id, reader_id, edition_id, staff_id, date_give, date_return) VALUES (24, 18, 1, 1, '2015-03-16', '2015-03-27');
INSERT INTO distribution (distribution_id, reader_id, edition_id, staff_id, date_give, date_return) VALUES (25, 17, 1, 1, '2015-03-16', '2015-03-27');
INSERT INTO distribution (distribution_id, reader_id, edition_id, staff_id, date_give, date_return) VALUES (26, 16, 1, 1, '2015-03-16', '2015-03-27');
INSERT INTO distribution (distribution_id, reader_id, edition_id, staff_id, date_give, date_return) VALUES (27, 14, 1, 1, '2015-03-16', '2015-03-27');
INSERT INTO distribution (distribution_id, reader_id, edition_id, staff_id, date_give, date_return) VALUES (28, 13, 1, 1, '2015-03-16', '2015-03-27');
INSERT INTO distribution (distribution_id, reader_id, edition_id, staff_id, date_give, date_return) VALUES (29, 12, 1, 1, '2015-03-16', '2015-03-27');
INSERT INTO distribution (distribution_id, reader_id, edition_id, staff_id, date_give, date_return) VALUES (30, 11, 1, 1, '2015-03-16', '2015-03-27');
INSERT INTO distribution (distribution_id, reader_id, edition_id, staff_id, date_give, date_return) VALUES (31, 10, 1, 1, '2015-03-16', '2015-03-27');
INSERT INTO distribution (distribution_id, reader_id, edition_id, staff_id, date_give, date_return) VALUES (32, 9, 1, 1, '2015-03-16', '2015-03-27');
INSERT INTO distribution (distribution_id, reader_id, edition_id, staff_id, date_give, date_return) VALUES (33, 8, 1, 1, '2015-03-16', '2015-03-27');
INSERT INTO distribution (distribution_id, reader_id, edition_id, staff_id, date_give, date_return) VALUES (34, 7, 1, 1, '2015-03-16', '2015-03-27');
INSERT INTO distribution (distribution_id, reader_id, edition_id, staff_id, date_give, date_return) VALUES (35, 6, 1, 1, '2015-03-16', '2015-03-27');
INSERT INTO distribution (distribution_id, reader_id, edition_id, staff_id, date_give, date_return) VALUES (36, 5, 1, 1, '2015-03-16', '2015-03-27');
INSERT INTO distribution (distribution_id, reader_id, edition_id, staff_id, date_give, date_return) VALUES (37, 4, 1, 1, '2015-03-16', '2015-03-27');
INSERT INTO distribution (distribution_id, reader_id, edition_id, staff_id, date_give, date_return) VALUES (38, 3, 1, 1, '2015-03-16', '2015-03-27');
INSERT INTO distribution (distribution_id, reader_id, edition_id, staff_id, date_give, date_return) VALUES (39, 2, 1, 1, '2015-03-16', '2015-03-27');
INSERT INTO distribution (distribution_id, reader_id, edition_id, staff_id, date_give, date_return) VALUES (40, 1, 1, 1, '2015-03-16', '2015-03-27');
INSERT INTO distribution (distribution_id, reader_id, edition_id, staff_id, date_give, date_return) VALUES (41, 2, 1, 1, '2015-03-16', '2015-03-27');
INSERT INTO distribution (distribution_id, reader_id, edition_id, staff_id, date_give, date_return) VALUES (42, 3, 1, 1, '2015-03-16', '2015-03-27');
INSERT INTO distribution (distribution_id, reader_id, edition_id, staff_id, date_give, date_return) VALUES (43, 4, 1, 1, '2015-03-16', '2015-03-27');
INSERT INTO distribution (distribution_id, reader_id, edition_id, staff_id, date_give, date_return) VALUES (44, 5, 1, 1, '2015-03-16', '2015-03-27');
INSERT INTO distribution (distribution_id, reader_id, edition_id, staff_id, date_give, date_return) VALUES (45, 1, 1, 1, '2015-03-16', '2015-03-27');
INSERT INTO distribution (distribution_id, reader_id, edition_id, staff_id, date_give, date_return) VALUES (46, 6, 1, 1, '2015-03-16', '2015-03-27');
INSERT INTO distribution (distribution_id, reader_id, edition_id, staff_id, date_give, date_return) VALUES (47, 7, 1, 1, '2015-03-16', '2015-03-27');
INSERT INTO distribution (distribution_id, reader_id, edition_id, staff_id, date_give, date_return) VALUES (48, 8, 1, 1, '2015-03-16', '2015-03-27');
INSERT INTO distribution (distribution_id, reader_id, edition_id, staff_id, date_give, date_return) VALUES (49, 9, 1, 1, '2015-03-16', '2015-03-27');
INSERT INTO distribution (distribution_id, reader_id, edition_id, staff_id, date_give, date_return) VALUES (50, 10, 1, 1, '2015-03-16', '2015-03-27');
INSERT INTO distribution (distribution_id, reader_id, edition_id, staff_id, date_give, date_return) VALUES (51, 11, 1, 1, '2015-03-16', '2015-03-27');
INSERT INTO distribution (distribution_id, reader_id, edition_id, staff_id, date_give, date_return) VALUES (52, 12, 1, 1, '2015-03-16', '2015-03-27');
INSERT INTO distribution (distribution_id, reader_id, edition_id, staff_id, date_give, date_return) VALUES (53, 13, 31, 1, '2021-02-23', '2021-02-23');
INSERT INTO distribution (distribution_id, reader_id, edition_id, staff_id, date_give, date_return) VALUES (54, 15, 35, 1, '2021-02-16', NULL);

















